source,target,link
"https://github.com/WCRP-CMIP/CMIP6Plus_CVs/blob/main/JSONLD/activity","","http://www.w3.org/1999/02/22-rdf-syntax-ns#type"
"https://github.com/WCRP-CMIP/CMIP6Plus_CVs/blob/main/JSONLD/activity","","http://www.w3.org/1999/02/22-rdf-syntax-ns#type"
"https://github.com/WCRP-CMIP/CMIP6Plus_CVs/blob/main/JSONLD/experiment/id","https://github.com/WCRP-CMIP/CMIP6Plus_CVs/blob/main/JSONLD/source/type","experiment-id:additional_allowed"
"https://github.com/WCRP-CMIP/CMIP6Plus_CVs/blob/main/JSONLD/experiment/id","https://github.com/WCRP-CMIP/CMIP6Plus_CVs/blob/main/JSONLD/source/type","experiment-id:additional_allowed"
"https://github.com/WCRP-CMIP/CMIP6Plus_CVs/blob/main/JSONLD/experiment/id","https://github.com/WCRP-CMIP/CMIP6Plus_CVs/blob/main/JSONLD/source/type","experiment-id:additional_allowed"
"https://github.com/WCRP-CMIP/CMIP6Plus_CVs/blob/main/JSONLD/experiment/id","https://github.com/WCRP-CMIP/CMIP6Plus_CVs/blob/main/JSONLD/source/type","experiment-id:required"
"https://github.com/WCRP-CMIP/CMIP6Plus_CVs/blob/main/JSONLD/experiment/id","https://github.com/WCRP-CMIP/CMIP6Plus_CVs/blob/main/JSONLD/experiment/sub_id","experiment-id:sub_experiment_id"
"https://github.com/WCRP-CMIP/CMIP6Plus_CVs/blob/main/JSONLD/experiment/id","https://github.com/WCRP-CMIP/CMIP6Plus_CVs/blob/main/JSONLD/activity","experiment-id:activity_id"
"https://github.com/WCRP-CMIP/CMIP6Plus_CVs/blob/main/JSONLD/experiment/id","cmip6:experiment/id","experiment-id:experiment_id"
"https://github.com/WCRP-CMIP/CMIP6Plus_CVs/blob/main/JSONLD/experiment/id","https://github.com/WCRP-CMIP/CMIP6Plus_CVs/blob/main/JSONLD/source/type","experiment-id:additional_allowed"
"https://github.com/WCRP-CMIP/CMIP6Plus_CVs/blob/main/JSONLD/experiment/id","https://github.com/WCRP-CMIP/CMIP6Plus_CVs/blob/main/JSONLD/source/type","experiment-id:additional_allowed"
"https://github.com/WCRP-CMIP/CMIP6Plus_CVs/blob/main/JSONLD/experiment/id","https://github.com/WCRP-CMIP/CMIP6Plus_CVs/blob/main/JSONLD/source/type","experiment-id:additional_allowed"
"https://github.com/WCRP-CMIP/CMIP6Plus_CVs/blob/main/JSONLD/experiment/id","https://github.com/WCRP-CMIP/CMIP6Plus_CVs/blob/main/JSONLD/source/type","experiment-id:required"
"https://github.com/WCRP-CMIP/CMIP6Plus_CVs/blob/main/JSONLD/experiment/id","https://github.com/WCRP-CMIP/CMIP6Plus_CVs/blob/main/JSONLD/experiment/sub_id","experiment-id:sub_experiment_id"
"https://github.com/WCRP-CMIP/CMIP6Plus_CVs/blob/main/JSONLD/experiment/id","https://github.com/WCRP-CMIP/CMIP6Plus_CVs/blob/main/JSONLD/activity","experiment-id:activity_id"
"https://github.com/WCRP-CMIP/CMIP6Plus_CVs/blob/main/JSONLD/experiment/id","cmip6:experiment/id","experiment-id:experiment_id"
"https://github.com/WCRP-CMIP/CMIP6Plus_CVs/blob/main/JSONLD/experiment/id","https://github.com/WCRP-CMIP/CMIP6Plus_CVs/blob/main/JSONLD/source/type","experiment-id:additional_allowed"
"https://github.com/WCRP-CMIP/CMIP6Plus_CVs/blob/main/JSONLD/experiment/id","https://github.com/WCRP-CMIP/CMIP6Plus_CVs/blob/main/JSONLD/source/type","experiment-id:additional_allowed"
"https://github.com/WCRP-CMIP/CMIP6Plus_CVs/blob/main/JSONLD/experiment/id","https://github.com/WCRP-CMIP/CMIP6Plus_CVs/blob/main/JSONLD/source/type","experiment-id:additional_allowed"
"https://github.com/WCRP-CMIP/CMIP6Plus_CVs/blob/main/JSONLD/experiment/id","https://github.com/WCRP-CMIP/CMIP6Plus_CVs/blob/main/JSONLD/source/type","experiment-id:required"
"https://github.com/WCRP-CMIP/CMIP6Plus_CVs/blob/main/JSONLD/experiment/id","https://github.com/WCRP-CMIP/CMIP6Plus_CVs/blob/main/JSONLD/experiment/sub_id","experiment-id:sub_experiment_id"
"https://github.com/WCRP-CMIP/CMIP6Plus_CVs/blob/main/JSONLD/experiment/id","https://github.com/WCRP-CMIP/CMIP6Plus_CVs/blob/main/JSONLD/source/type","experiment-id:additional_allowed"
"https://github.com/WCRP-CMIP/CMIP6Plus_CVs/blob/main/JSONLD/experiment/id","https://github.com/WCRP-CMIP/CMIP6Plus_CVs/blob/main/JSONLD/source/type","experiment-id:additional_allowed"
"https://github.com/WCRP-CMIP/CMIP6Plus_CVs/blob/main/JSONLD/experiment/id","https://github.com/WCRP-CMIP/CMIP6Plus_CVs/blob/main/JSONLD/source/type","experiment-id:required"
"https://github.com/WCRP-CMIP/CMIP6Plus_CVs/blob/main/JSONLD/experiment/id","https://github.com/WCRP-CMIP/CMIP6Plus_CVs/blob/main/JSONLD/source/type","experiment-id:required"
"https://github.com/WCRP-CMIP/CMIP6Plus_CVs/blob/main/JSONLD/experiment/id","https://github.com/WCRP-CMIP/CMIP6Plus_CVs/blob/main/JSONLD/experiment/sub_id","experiment-id:sub_experiment_id"
"https://github.com/WCRP-CMIP/CMIP6Plus_CVs/blob/main/JSONLD/experiment/id","https://github.com/WCRP-CMIP/CMIP6Plus_CVs/blob/main/JSONLD/activity","experiment-id:activity_id"
"https://github.com/WCRP-CMIP/CMIP6Plus_CVs/blob/main/JSONLD/experiment/id","cmip6:experiment/id","experiment-id:experiment_id"
"https://github.com/WCRP-CMIP/CMIP6Plus_CVs/blob/main/JSONLD/experiment/id","https://github.com/WCRP-CMIP/CMIP6Plus_CVs/blob/main/JSONLD/source/type","experiment-id:additional_allowed"
"https://github.com/WCRP-CMIP/CMIP6Plus_CVs/blob/main/JSONLD/experiment/id","https://github.com/WCRP-CMIP/CMIP6Plus_CVs/blob/main/JSONLD/source/type","experiment-id:additional_allowed"
"https://github.com/WCRP-CMIP/CMIP6Plus_CVs/blob/main/JSONLD/experiment/id","https://github.com/WCRP-CMIP/CMIP6Plus_CVs/blob/main/JSONLD/source/type","experiment-id:required"
"https://github.com/WCRP-CMIP/CMIP6Plus_CVs/blob/main/JSONLD/experiment/id","https://github.com/WCRP-CMIP/CMIP6Plus_CVs/blob/main/JSONLD/source/type","experiment-id:required"
"https://github.com/WCRP-CMIP/CMIP6Plus_CVs/blob/main/JSONLD/experiment/id","https://github.com/WCRP-CMIP/CMIP6Plus_CVs/blob/main/JSONLD/experiment/sub_id","experiment-id:sub_experiment_id"
"https://github.com/WCRP-CMIP/CMIP6Plus_CVs/blob/main/JSONLD/experiment/id","https://github.com/WCRP-CMIP/CMIP6Plus_CVs/blob/main/JSONLD/source/type","experiment-id:additional_allowed"
"https://github.com/WCRP-CMIP/CMIP6Plus_CVs/blob/main/JSONLD/experiment/id","https://github.com/WCRP-CMIP/CMIP6Plus_CVs/blob/main/JSONLD/source/type","experiment-id:additional_allowed"
"https://github.com/WCRP-CMIP/CMIP6Plus_CVs/blob/main/JSONLD/experiment/id","https://github.com/WCRP-CMIP/CMIP6Plus_CVs/blob/main/JSONLD/source/type","experiment-id:required"
"https://github.com/WCRP-CMIP/CMIP6Plus_CVs/blob/main/JSONLD/experiment/id","https://github.com/WCRP-CMIP/CMIP6Plus_CVs/blob/main/JSONLD/source/type","experiment-id:required"
"https://github.com/WCRP-CMIP/CMIP6Plus_CVs/blob/main/JSONLD/experiment/id","https://github.com/WCRP-CMIP/CMIP6Plus_CVs/blob/main/JSONLD/experiment/sub_id","experiment-id:sub_experiment_id"
"https://github.com/WCRP-CMIP/CMIP6Plus_CVs/blob/main/JSONLD/experiment/id","https://github.com/WCRP-CMIP/CMIP6Plus_CVs/blob/main/JSONLD/activity","experiment-id:activity_id"
"https://github.com/WCRP-CMIP/CMIP6Plus_CVs/blob/main/JSONLD/experiment/id","cmip6:experiment/id","experiment-id:experiment_id"
"https://github.com/WCRP-CMIP/CMIP6Plus_CVs/blob/main/JSONLD/experiment/id","https://github.com/WCRP-CMIP/CMIP6Plus_CVs/blob/main/JSONLD/source/type","experiment-id:additional_allowed"
"https://github.com/WCRP-CMIP/CMIP6Plus_CVs/blob/main/JSONLD/experiment/id","https://github.com/WCRP-CMIP/CMIP6Plus_CVs/blob/main/JSONLD/source/type","experiment-id:additional_allowed"
"https://github.com/WCRP-CMIP/CMIP6Plus_CVs/blob/main/JSONLD/experiment/id","https://github.com/WCRP-CMIP/CMIP6Plus_CVs/blob/main/JSONLD/source/type","experiment-id:additional_allowed"
"https://github.com/WCRP-CMIP/CMIP6Plus_CVs/blob/main/JSONLD/experiment/id","https://github.com/WCRP-CMIP/CMIP6Plus_CVs/blob/main/JSONLD/source/type","experiment-id:required"
"https://github.com/WCRP-CMIP/CMIP6Plus_CVs/blob/main/JSONLD/experiment/id","https://github.com/WCRP-CMIP/CMIP6Plus_CVs/blob/main/JSONLD/experiment/sub_id","experiment-id:sub_experiment_id"
"https://github.com/WCRP-CMIP/CMIP6Plus_CVs/blob/main/JSONLD/experiment/id","https://github.com/WCRP-CMIP/CMIP6Plus_CVs/blob/main/JSONLD/activity","experiment-id:activity_id"
"https://github.com/WCRP-CMIP/CMIP6Plus_CVs/blob/main/JSONLD/experiment/id","cmip6:experiment/id","experiment-id:experiment_id"
"https://github.com/WCRP-CMIP/CMIP6Plus_CVs/blob/main/JSONLD/experiment/id","https://github.com/WCRP-CMIP/CMIP6Plus_CVs/blob/main/JSONLD/source/type","experiment-id:additional_allowed"
"https://github.com/WCRP-CMIP/CMIP6Plus_CVs/blob/main/JSONLD/experiment/id","https://github.com/WCRP-CMIP/CMIP6Plus_CVs/blob/main/JSONLD/source/type","experiment-id:additional_allowed"
"https://github.com/WCRP-CMIP/CMIP6Plus_CVs/blob/main/JSONLD/experiment/id","https://github.com/WCRP-CMIP/CMIP6Plus_CVs/blob/main/JSONLD/source/type","experiment-id:additional_allowed"
"https://github.com/WCRP-CMIP/CMIP6Plus_CVs/blob/main/JSONLD/experiment/id","https://github.com/WCRP-CMIP/CMIP6Plus_CVs/blob/main/JSONLD/source/type","experiment-id:required"
"https://github.com/WCRP-CMIP/CMIP6Plus_CVs/blob/main/JSONLD/experiment/id","https://github.com/WCRP-CMIP/CMIP6Plus_CVs/blob/main/JSONLD/experiment/sub_id","experiment-id:sub_experiment_id"
"https://github.com/WCRP-CMIP/CMIP6Plus_CVs/blob/main/JSONLD/experiment/id","https://github.com/WCRP-CMIP/CMIP6Plus_CVs/blob/main/JSONLD/activity","experiment-id:activity_id"
"https://github.com/WCRP-CMIP/CMIP6Plus_CVs/blob/main/JSONLD/experiment/id","cmip6:experiment/id","experiment-id:experiment_id"
"https://github.com/WCRP-CMIP/CMIP6Plus_CVs/blob/main/JSONLD/experiment/id","https://github.com/WCRP-CMIP/CMIP6Plus_CVs/blob/main/JSONLD/source/type","experiment-id:additional_allowed"
"https://github.com/WCRP-CMIP/CMIP6Plus_CVs/blob/main/JSONLD/experiment/id","https://github.com/WCRP-CMIP/CMIP6Plus_CVs/blob/main/JSONLD/source/type","experiment-id:additional_allowed"
"https://github.com/WCRP-CMIP/CMIP6Plus_CVs/blob/main/JSONLD/experiment/id","https://github.com/WCRP-CMIP/CMIP6Plus_CVs/blob/main/JSONLD/source/type","experiment-id:additional_allowed"
"https://github.com/WCRP-CMIP/CMIP6Plus_CVs/blob/main/JSONLD/experiment/id","https://github.com/WCRP-CMIP/CMIP6Plus_CVs/blob/main/JSONLD/source/type","experiment-id:required"
"https://github.com/WCRP-CMIP/CMIP6Plus_CVs/blob/main/JSONLD/experiment/id","https://github.com/WCRP-CMIP/CMIP6Plus_CVs/blob/main/JSONLD/experiment/sub_id","experiment-id:sub_experiment_id"
"https://github.com/WCRP-CMIP/CMIP6Plus_CVs/blob/main/JSONLD/experiment/id","https://github.com/WCRP-CMIP/CMIP6Plus_CVs/blob/main/JSONLD/activity","experiment-id:activity_id"
"https://github.com/WCRP-CMIP/CMIP6Plus_CVs/blob/main/JSONLD/experiment/id","cmip6:experiment/id","experiment-id:experiment_id"
"https://github.com/WCRP-CMIP/CMIP6Plus_CVs/blob/main/JSONLD/experiment/id","https://github.com/WCRP-CMIP/CMIP6Plus_CVs/blob/main/JSONLD/source/type","experiment-id:additional_allowed"
"https://github.com/WCRP-CMIP/CMIP6Plus_CVs/blob/main/JSONLD/experiment/id","https://github.com/WCRP-CMIP/CMIP6Plus_CVs/blob/main/JSONLD/source/type","experiment-id:additional_allowed"
"https://github.com/WCRP-CMIP/CMIP6Plus_CVs/blob/main/JSONLD/experiment/id","https://github.com/WCRP-CMIP/CMIP6Plus_CVs/blob/main/JSONLD/source/type","experiment-id:additional_allowed"
"https://github.com/WCRP-CMIP/CMIP6Plus_CVs/blob/main/JSONLD/experiment/id","https://github.com/WCRP-CMIP/CMIP6Plus_CVs/blob/main/JSONLD/source/type","experiment-id:required"
"https://github.com/WCRP-CMIP/CMIP6Plus_CVs/blob/main/JSONLD/experiment/id","https://github.com/WCRP-CMIP/CMIP6Plus_CVs/blob/main/JSONLD/experiment/sub_id","experiment-id:sub_experiment_id"
"https://github.com/WCRP-CMIP/CMIP6Plus_CVs/blob/main/JSONLD/experiment/id","https://github.com/WCRP-CMIP/CMIP6Plus_CVs/blob/main/JSONLD/activity","experiment-id:activity_id"
"https://github.com/WCRP-CMIP/CMIP6Plus_CVs/blob/main/JSONLD/experiment/id","cmip6:experiment/id","experiment-id:experiment_id"
"https://github.com/WCRP-CMIP/CMIP6Plus_CVs/blob/main/JSONLD/experiment/id","https://github.com/WCRP-CMIP/CMIP6Plus_CVs/blob/main/JSONLD/source/type","experiment-id:additional_allowed"
"https://github.com/WCRP-CMIP/CMIP6Plus_CVs/blob/main/JSONLD/experiment/id","https://github.com/WCRP-CMIP/CMIP6Plus_CVs/blob/main/JSONLD/source/type","experiment-id:additional_allowed"
"https://github.com/WCRP-CMIP/CMIP6Plus_CVs/blob/main/JSONLD/experiment/id","https://github.com/WCRP-CMIP/CMIP6Plus_CVs/blob/main/JSONLD/source/type","experiment-id:additional_allowed"
"https://github.com/WCRP-CMIP/CMIP6Plus_CVs/blob/main/JSONLD/experiment/id","https://github.com/WCRP-CMIP/CMIP6Plus_CVs/blob/main/JSONLD/source/type","experiment-id:required"
"https://github.com/WCRP-CMIP/CMIP6Plus_CVs/blob/main/JSONLD/experiment/id","https://github.com/WCRP-CMIP/CMIP6Plus_CVs/blob/main/JSONLD/experiment/sub_id","experiment-id:sub_experiment_id"
"https://github.com/WCRP-CMIP/CMIP6Plus_CVs/blob/main/JSONLD/experiment/id","https://github.com/WCRP-CMIP/CMIP6Plus_CVs/blob/main/JSONLD/activity","experiment-id:activity_id"
"https://github.com/WCRP-CMIP/CMIP6Plus_CVs/blob/main/JSONLD/experiment/id","cmip6:experiment/id","experiment-id:experiment_id"
"https://github.com/WCRP-CMIP/CMIP6Plus_CVs/blob/main/JSONLD/experiment/id","https://github.com/WCRP-CMIP/CMIP6Plus_CVs/blob/main/JSONLD/source/type","experiment-id:additional_allowed"
"https://github.com/WCRP-CMIP/CMIP6Plus_CVs/blob/main/JSONLD/experiment/id","https://github.com/WCRP-CMIP/CMIP6Plus_CVs/blob/main/JSONLD/source/type","experiment-id:additional_allowed"
"https://github.com/WCRP-CMIP/CMIP6Plus_CVs/blob/main/JSONLD/experiment/id","https://github.com/WCRP-CMIP/CMIP6Plus_CVs/blob/main/JSONLD/source/type","experiment-id:additional_allowed"
"https://github.com/WCRP-CMIP/CMIP6Plus_CVs/blob/main/JSONLD/experiment/id","https://github.com/WCRP-CMIP/CMIP6Plus_CVs/blob/main/JSONLD/source/type","experiment-id:required"
"https://github.com/WCRP-CMIP/CMIP6Plus_CVs/blob/main/JSONLD/experiment/id","https://github.com/WCRP-CMIP/CMIP6Plus_CVs/blob/main/JSONLD/experiment/sub_id","experiment-id:sub_experiment_id"
"https://github.com/WCRP-CMIP/CMIP6Plus_CVs/blob/main/JSONLD/experiment/id","https://github.com/WCRP-CMIP/CMIP6Plus_CVs/blob/main/JSONLD/activity","experiment-id:activity_id"
"https://github.com/WCRP-CMIP/CMIP6Plus_CVs/blob/main/JSONLD/experiment/id","cmip6:experiment/id","experiment-id:experiment_id"
"https://github.com/WCRP-CMIP/CMIP6Plus_CVs/blob/main/JSONLD/experiment/id","https://github.com/WCRP-CMIP/CMIP6Plus_CVs/blob/main/JSONLD/source/type","experiment-id:additional_allowed"
"https://github.com/WCRP-CMIP/CMIP6Plus_CVs/blob/main/JSONLD/experiment/id","https://github.com/WCRP-CMIP/CMIP6Plus_CVs/blob/main/JSONLD/source/type","experiment-id:additional_allowed"
"https://github.com/WCRP-CMIP/CMIP6Plus_CVs/blob/main/JSONLD/experiment/id","https://github.com/WCRP-CMIP/CMIP6Plus_CVs/blob/main/JSONLD/source/type","experiment-id:additional_allowed"
"https://github.com/WCRP-CMIP/CMIP6Plus_CVs/blob/main/JSONLD/experiment/id","https://github.com/WCRP-CMIP/CMIP6Plus_CVs/blob/main/JSONLD/source/type","experiment-id:required"
"https://github.com/WCRP-CMIP/CMIP6Plus_CVs/blob/main/JSONLD/experiment/id","https://github.com/WCRP-CMIP/CMIP6Plus_CVs/blob/main/JSONLD/experiment/sub_id","experiment-id:sub_experiment_id"
"https://github.com/WCRP-CMIP/CMIP6Plus_CVs/blob/main/JSONLD/experiment/id","https://github.com/WCRP-CMIP/CMIP6Plus_CVs/blob/main/JSONLD/activity","experiment-id:activity_id"
"https://github.com/WCRP-CMIP/CMIP6Plus_CVs/blob/main/JSONLD/experiment/id","cmip6:experiment/id","experiment-id:experiment_id"
"https://github.com/WCRP-CMIP/CMIP6Plus_CVs/blob/main/JSONLD/experiment/id","https://github.com/WCRP-CMIP/CMIP6Plus_CVs/blob/main/JSONLD/source/type","experiment-id:additional_allowed"
"https://github.com/WCRP-CMIP/CMIP6Plus_CVs/blob/main/JSONLD/experiment/id","https://github.com/WCRP-CMIP/CMIP6Plus_CVs/blob/main/JSONLD/source/type","experiment-id:additional_allowed"
"https://github.com/WCRP-CMIP/CMIP6Plus_CVs/blob/main/JSONLD/experiment/id","https://github.com/WCRP-CMIP/CMIP6Plus_CVs/blob/main/JSONLD/source/type","experiment-id:additional_allowed"
"https://github.com/WCRP-CMIP/CMIP6Plus_CVs/blob/main/JSONLD/experiment/id","https://github.com/WCRP-CMIP/CMIP6Plus_CVs/blob/main/JSONLD/source/type","experiment-id:required"
"https://github.com/WCRP-CMIP/CMIP6Plus_CVs/blob/main/JSONLD/experiment/id","https://github.com/WCRP-CMIP/CMIP6Plus_CVs/blob/main/JSONLD/experiment/sub_id","experiment-id:sub_experiment_id"
"https://github.com/WCRP-CMIP/CMIP6Plus_CVs/blob/main/JSONLD/experiment/id","https://github.com/WCRP-CMIP/CMIP6Plus_CVs/blob/main/JSONLD/activity","experiment-id:activity_id"
"https://github.com/WCRP-CMIP/CMIP6Plus_CVs/blob/main/JSONLD/experiment/id","cmip6:experiment/id","experiment-id:experiment_id"
"https://github.com/WCRP-CMIP/CMIP6Plus_CVs/blob/main/JSONLD/experiment/id","https://github.com/WCRP-CMIP/CMIP6Plus_CVs/blob/main/JSONLD/source/type","experiment-id:additional_allowed"
"https://github.com/WCRP-CMIP/CMIP6Plus_CVs/blob/main/JSONLD/experiment/id","https://github.com/WCRP-CMIP/CMIP6Plus_CVs/blob/main/JSONLD/source/type","experiment-id:additional_allowed"
"https://github.com/WCRP-CMIP/CMIP6Plus_CVs/blob/main/JSONLD/experiment/id","https://github.com/WCRP-CMIP/CMIP6Plus_CVs/blob/main/JSONLD/source/type","experiment-id:additional_allowed"
"https://github.com/WCRP-CMIP/CMIP6Plus_CVs/blob/main/JSONLD/experiment/id","https://github.com/WCRP-CMIP/CMIP6Plus_CVs/blob/main/JSONLD/source/type","experiment-id:required"
"https://github.com/WCRP-CMIP/CMIP6Plus_CVs/blob/main/JSONLD/experiment/id","https://github.com/WCRP-CMIP/CMIP6Plus_CVs/blob/main/JSONLD/experiment/sub_id","experiment-id:sub_experiment_id"
"https://github.com/WCRP-CMIP/CMIP6Plus_CVs/blob/main/JSONLD/experiment/id","https://github.com/WCRP-CMIP/CMIP6Plus_CVs/blob/main/JSONLD/activity","experiment-id:activity_id"
"https://github.com/WCRP-CMIP/CMIP6Plus_CVs/blob/main/JSONLD/experiment/id","cmip6:experiment/id","experiment-id:experiment_id"
"https://github.com/WCRP-CMIP/CMIP6Plus_CVs/blob/main/JSONLD/experiment/id","https://github.com/WCRP-CMIP/CMIP6Plus_CVs/blob/main/JSONLD/source/type","experiment-id:additional_allowed"
"https://github.com/WCRP-CMIP/CMIP6Plus_CVs/blob/main/JSONLD/experiment/id","https://github.com/WCRP-CMIP/CMIP6Plus_CVs/blob/main/JSONLD/source/type","experiment-id:additional_allowed"
"https://github.com/WCRP-CMIP/CMIP6Plus_CVs/blob/main/JSONLD/experiment/id","https://github.com/WCRP-CMIP/CMIP6Plus_CVs/blob/main/JSONLD/source/type","experiment-id:additional_allowed"
"https://github.com/WCRP-CMIP/CMIP6Plus_CVs/blob/main/JSONLD/experiment/id","https://github.com/WCRP-CMIP/CMIP6Plus_CVs/blob/main/JSONLD/source/type","experiment-id:required"
"https://github.com/WCRP-CMIP/CMIP6Plus_CVs/blob/main/JSONLD/experiment/id","https://github.com/WCRP-CMIP/CMIP6Plus_CVs/blob/main/JSONLD/experiment/sub_id","experiment-id:sub_experiment_id"
"https://github.com/WCRP-CMIP/CMIP6Plus_CVs/blob/main/JSONLD/experiment/id","https://github.com/WCRP-CMIP/CMIP6Plus_CVs/blob/main/JSONLD/activity","experiment-id:activity_id"
"https://github.com/WCRP-CMIP/CMIP6Plus_CVs/blob/main/JSONLD/experiment/id","cmip6:experiment/id","experiment-id:experiment_id"
"https://github.com/WCRP-CMIP/CMIP6Plus_CVs/blob/main/JSONLD/experiment/id","https://github.com/WCRP-CMIP/CMIP6Plus_CVs/blob/main/JSONLD/source/type","experiment-id:additional_allowed"
"https://github.com/WCRP-CMIP/CMIP6Plus_CVs/blob/main/JSONLD/experiment/id","https://github.com/WCRP-CMIP/CMIP6Plus_CVs/blob/main/JSONLD/source/type","experiment-id:additional_allowed"
"https://github.com/WCRP-CMIP/CMIP6Plus_CVs/blob/main/JSONLD/experiment/id","https://github.com/WCRP-CMIP/CMIP6Plus_CVs/blob/main/JSONLD/source/type","experiment-id:additional_allowed"
"https://github.com/WCRP-CMIP/CMIP6Plus_CVs/blob/main/JSONLD/experiment/id","https://github.com/WCRP-CMIP/CMIP6Plus_CVs/blob/main/JSONLD/source/type","experiment-id:required"
"https://github.com/WCRP-CMIP/CMIP6Plus_CVs/blob/main/JSONLD/experiment/id","https://github.com/WCRP-CMIP/CMIP6Plus_CVs/blob/main/JSONLD/experiment/sub_id","experiment-id:sub_experiment_id"
"https://github.com/WCRP-CMIP/CMIP6Plus_CVs/blob/main/JSONLD/experiment/id","https://github.com/WCRP-CMIP/CMIP6Plus_CVs/blob/main/JSONLD/activity","experiment-id:activity_id"
"https://github.com/WCRP-CMIP/CMIP6Plus_CVs/blob/main/JSONLD/experiment/id","cmip6:experiment/id","experiment-id:experiment_id"
"https://github.com/WCRP-CMIP/CMIP6Plus_CVs/blob/main/JSONLD/experiment/id","https://github.com/WCRP-CMIP/CMIP6Plus_CVs/blob/main/JSONLD/source/type","experiment-id:additional_allowed"
"https://github.com/WCRP-CMIP/CMIP6Plus_CVs/blob/main/JSONLD/experiment/id","https://github.com/WCRP-CMIP/CMIP6Plus_CVs/blob/main/JSONLD/source/type","experiment-id:additional_allowed"
"https://github.com/WCRP-CMIP/CMIP6Plus_CVs/blob/main/JSONLD/experiment/id","https://github.com/WCRP-CMIP/CMIP6Plus_CVs/blob/main/JSONLD/source/type","experiment-id:additional_allowed"
"https://github.com/WCRP-CMIP/CMIP6Plus_CVs/blob/main/JSONLD/experiment/id","https://github.com/WCRP-CMIP/CMIP6Plus_CVs/blob/main/JSONLD/source/type","experiment-id:required"
"https://github.com/WCRP-CMIP/CMIP6Plus_CVs/blob/main/JSONLD/experiment/id","https://github.com/WCRP-CMIP/CMIP6Plus_CVs/blob/main/JSONLD/experiment/sub_id","experiment-id:sub_experiment_id"
"https://github.com/WCRP-CMIP/CMIP6Plus_CVs/blob/main/JSONLD/experiment/id","https://github.com/WCRP-CMIP/CMIP6Plus_CVs/blob/main/JSONLD/activity","experiment-id:activity_id"
"https://github.com/WCRP-CMIP/CMIP6Plus_CVs/blob/main/JSONLD/experiment/id","cmip6:experiment/id","experiment-id:experiment_id"
"https://github.com/WCRP-CMIP/CMIP6Plus_CVs/blob/main/JSONLD/experiment/id","https://github.com/WCRP-CMIP/CMIP6Plus_CVs/blob/main/JSONLD/source/type","experiment-id:additional_allowed"
"https://github.com/WCRP-CMIP/CMIP6Plus_CVs/blob/main/JSONLD/experiment/id","https://github.com/WCRP-CMIP/CMIP6Plus_CVs/blob/main/JSONLD/source/type","experiment-id:additional_allowed"
"https://github.com/WCRP-CMIP/CMIP6Plus_CVs/blob/main/JSONLD/experiment/id","https://github.com/WCRP-CMIP/CMIP6Plus_CVs/blob/main/JSONLD/source/type","experiment-id:additional_allowed"
"https://github.com/WCRP-CMIP/CMIP6Plus_CVs/blob/main/JSONLD/experiment/id","https://github.com/WCRP-CMIP/CMIP6Plus_CVs/blob/main/JSONLD/source/type","experiment-id:required"
"https://github.com/WCRP-CMIP/CMIP6Plus_CVs/blob/main/JSONLD/experiment/id","https://github.com/WCRP-CMIP/CMIP6Plus_CVs/blob/main/JSONLD/experiment/sub_id","experiment-id:sub_experiment_id"
"https://github.com/WCRP-CMIP/CMIP6Plus_CVs/blob/main/JSONLD/experiment/id","https://github.com/WCRP-CMIP/CMIP6Plus_CVs/blob/main/JSONLD/activity","experiment-id:activity_id"
"https://github.com/WCRP-CMIP/CMIP6Plus_CVs/blob/main/JSONLD/experiment/id","cmip6:experiment/id","experiment-id:experiment_id"
"https://github.com/WCRP-CMIP/CMIP6Plus_CVs/blob/main/JSONLD/experiment/id","https://github.com/WCRP-CMIP/CMIP6Plus_CVs/blob/main/JSONLD/source/type","experiment-id:additional_allowed"
"https://github.com/WCRP-CMIP/CMIP6Plus_CVs/blob/main/JSONLD/experiment/id","https://github.com/WCRP-CMIP/CMIP6Plus_CVs/blob/main/JSONLD/source/type","experiment-id:additional_allowed"
"https://github.com/WCRP-CMIP/CMIP6Plus_CVs/blob/main/JSONLD/experiment/id","https://github.com/WCRP-CMIP/CMIP6Plus_CVs/blob/main/JSONLD/source/type","experiment-id:additional_allowed"
"https://github.com/WCRP-CMIP/CMIP6Plus_CVs/blob/main/JSONLD/experiment/id","https://github.com/WCRP-CMIP/CMIP6Plus_CVs/blob/main/JSONLD/source/type","experiment-id:required"
"https://github.com/WCRP-CMIP/CMIP6Plus_CVs/blob/main/JSONLD/experiment/id","https://github.com/WCRP-CMIP/CMIP6Plus_CVs/blob/main/JSONLD/experiment/sub_id","experiment-id:sub_experiment_id"
"https://github.com/WCRP-CMIP/CMIP6Plus_CVs/blob/main/JSONLD/experiment/id","https://github.com/WCRP-CMIP/CMIP6Plus_CVs/blob/main/JSONLD/activity","experiment-id:activity_id"
"https://github.com/WCRP-CMIP/CMIP6Plus_CVs/blob/main/JSONLD/experiment/id","cmip6:experiment/id","experiment-id:experiment_id"
"https://github.com/WCRP-CMIP/CMIP6Plus_CVs/blob/main/JSONLD/experiment/id","https://github.com/WCRP-CMIP/CMIP6Plus_CVs/blob/main/JSONLD/source/type","experiment-id:additional_allowed"
"https://github.com/WCRP-CMIP/CMIP6Plus_CVs/blob/main/JSONLD/experiment/id","https://github.com/WCRP-CMIP/CMIP6Plus_CVs/blob/main/JSONLD/source/type","experiment-id:additional_allowed"
"https://github.com/WCRP-CMIP/CMIP6Plus_CVs/blob/main/JSONLD/experiment/id","https://github.com/WCRP-CMIP/CMIP6Plus_CVs/blob/main/JSONLD/source/type","experiment-id:additional_allowed"
"https://github.com/WCRP-CMIP/CMIP6Plus_CVs/blob/main/JSONLD/experiment/id","https://github.com/WCRP-CMIP/CMIP6Plus_CVs/blob/main/JSONLD/source/type","experiment-id:required"
"https://github.com/WCRP-CMIP/CMIP6Plus_CVs/blob/main/JSONLD/experiment/id","https://github.com/WCRP-CMIP/CMIP6Plus_CVs/blob/main/JSONLD/experiment/sub_id","experiment-id:sub_experiment_id"
"https://github.com/WCRP-CMIP/CMIP6Plus_CVs/blob/main/JSONLD/experiment/id","https://github.com/WCRP-CMIP/CMIP6Plus_CVs/blob/main/JSONLD/activity","experiment-id:activity_id"
"https://github.com/WCRP-CMIP/CMIP6Plus_CVs/blob/main/JSONLD/experiment/id","cmip6:experiment/id","experiment-id:experiment_id"
"https://github.com/WCRP-CMIP/CMIP6Plus_CVs/blob/main/JSONLD/experiment/id","https://github.com/WCRP-CMIP/CMIP6Plus_CVs/blob/main/JSONLD/source/type","experiment-id:additional_allowed"
"https://github.com/WCRP-CMIP/CMIP6Plus_CVs/blob/main/JSONLD/experiment/id","https://github.com/WCRP-CMIP/CMIP6Plus_CVs/blob/main/JSONLD/source/type","experiment-id:additional_allowed"
"https://github.com/WCRP-CMIP/CMIP6Plus_CVs/blob/main/JSONLD/experiment/id","https://github.com/WCRP-CMIP/CMIP6Plus_CVs/blob/main/JSONLD/source/type","experiment-id:additional_allowed"
"https://github.com/WCRP-CMIP/CMIP6Plus_CVs/blob/main/JSONLD/experiment/id","https://github.com/WCRP-CMIP/CMIP6Plus_CVs/blob/main/JSONLD/source/type","experiment-id:required"
"https://github.com/WCRP-CMIP/CMIP6Plus_CVs/blob/main/JSONLD/experiment/id","https://github.com/WCRP-CMIP/CMIP6Plus_CVs/blob/main/JSONLD/experiment/sub_id","experiment-id:sub_experiment_id"
"https://github.com/WCRP-CMIP/CMIP6Plus_CVs/blob/main/JSONLD/experiment/id","https://github.com/WCRP-CMIP/CMIP6Plus_CVs/blob/main/JSONLD/activity","experiment-id:activity_id"
"https://github.com/WCRP-CMIP/CMIP6Plus_CVs/blob/main/JSONLD/experiment/id","cmip6:experiment/id","experiment-id:experiment_id"
"https://github.com/WCRP-CMIP/CMIP6Plus_CVs/blob/main/JSONLD/experiment/id","https://github.com/WCRP-CMIP/CMIP6Plus_CVs/blob/main/JSONLD/source/type","experiment-id:additional_allowed"
"https://github.com/WCRP-CMIP/CMIP6Plus_CVs/blob/main/JSONLD/experiment/id","https://github.com/WCRP-CMIP/CMIP6Plus_CVs/blob/main/JSONLD/source/type","experiment-id:additional_allowed"
"https://github.com/WCRP-CMIP/CMIP6Plus_CVs/blob/main/JSONLD/experiment/id","https://github.com/WCRP-CMIP/CMIP6Plus_CVs/blob/main/JSONLD/source/type","experiment-id:additional_allowed"
"https://github.com/WCRP-CMIP/CMIP6Plus_CVs/blob/main/JSONLD/experiment/id","https://github.com/WCRP-CMIP/CMIP6Plus_CVs/blob/main/JSONLD/source/type","experiment-id:required"
"https://github.com/WCRP-CMIP/CMIP6Plus_CVs/blob/main/JSONLD/experiment/id","https://github.com/WCRP-CMIP/CMIP6Plus_CVs/blob/main/JSONLD/experiment/sub_id","experiment-id:sub_experiment_id"
"https://github.com/WCRP-CMIP/CMIP6Plus_CVs/blob/main/JSONLD/experiment/id","https://github.com/WCRP-CMIP/CMIP6Plus_CVs/blob/main/JSONLD/activity","experiment-id:activity_id"
"https://github.com/WCRP-CMIP/CMIP6Plus_CVs/blob/main/JSONLD/experiment/id","cmip6:experiment/id","experiment-id:experiment_id"
"https://github.com/WCRP-CMIP/CMIP6Plus_CVs/blob/main/JSONLD/experiment/id","https://github.com/WCRP-CMIP/CMIP6Plus_CVs/blob/main/JSONLD/source/type","experiment-id:additional_allowed"
"https://github.com/WCRP-CMIP/CMIP6Plus_CVs/blob/main/JSONLD/experiment/id","https://github.com/WCRP-CMIP/CMIP6Plus_CVs/blob/main/JSONLD/source/type","experiment-id:additional_allowed"
"https://github.com/WCRP-CMIP/CMIP6Plus_CVs/blob/main/JSONLD/experiment/id","https://github.com/WCRP-CMIP/CMIP6Plus_CVs/blob/main/JSONLD/source/type","experiment-id:additional_allowed"
"https://github.com/WCRP-CMIP/CMIP6Plus_CVs/blob/main/JSONLD/experiment/id","https://github.com/WCRP-CMIP/CMIP6Plus_CVs/blob/main/JSONLD/source/type","experiment-id:required"
"https://github.com/WCRP-CMIP/CMIP6Plus_CVs/blob/main/JSONLD/experiment/id","https://github.com/WCRP-CMIP/CMIP6Plus_CVs/blob/main/JSONLD/experiment/sub_id","experiment-id:sub_experiment_id"
"https://github.com/WCRP-CMIP/CMIP6Plus_CVs/blob/main/JSONLD/experiment/id","https://github.com/WCRP-CMIP/CMIP6Plus_CVs/blob/main/JSONLD/activity","experiment-id:activity_id"
"https://github.com/WCRP-CMIP/CMIP6Plus_CVs/blob/main/JSONLD/experiment/id","cmip6:experiment/id","experiment-id:experiment_id"
"https://github.com/WCRP-CMIP/CMIP6Plus_CVs/blob/main/JSONLD/experiment/id","https://github.com/WCRP-CMIP/CMIP6Plus_CVs/blob/main/JSONLD/source/type","experiment-id:additional_allowed"
"https://github.com/WCRP-CMIP/CMIP6Plus_CVs/blob/main/JSONLD/experiment/id","https://github.com/WCRP-CMIP/CMIP6Plus_CVs/blob/main/JSONLD/source/type","experiment-id:additional_allowed"
"https://github.com/WCRP-CMIP/CMIP6Plus_CVs/blob/main/JSONLD/experiment/id","https://github.com/WCRP-CMIP/CMIP6Plus_CVs/blob/main/JSONLD/source/type","experiment-id:additional_allowed"
"https://github.com/WCRP-CMIP/CMIP6Plus_CVs/blob/main/JSONLD/experiment/id","https://github.com/WCRP-CMIP/CMIP6Plus_CVs/blob/main/JSONLD/source/type","experiment-id:required"
"https://github.com/WCRP-CMIP/CMIP6Plus_CVs/blob/main/JSONLD/experiment/id","https://github.com/WCRP-CMIP/CMIP6Plus_CVs/blob/main/JSONLD/experiment/sub_id","experiment-id:sub_experiment_id"
"https://github.com/WCRP-CMIP/CMIP6Plus_CVs/blob/main/JSONLD/experiment/id","https://github.com/WCRP-CMIP/CMIP6Plus_CVs/blob/main/JSONLD/activity","experiment-id:activity_id"
"https://github.com/WCRP-CMIP/CMIP6Plus_CVs/blob/main/JSONLD/experiment/id","cmip6:experiment/id","experiment-id:experiment_id"
"https://github.com/WCRP-CMIP/CMIP6Plus_CVs/blob/main/JSONLD/experiment/id","https://github.com/WCRP-CMIP/CMIP6Plus_CVs/blob/main/JSONLD/source/type","experiment-id:additional_allowed"
"https://github.com/WCRP-CMIP/CMIP6Plus_CVs/blob/main/JSONLD/experiment/id","https://github.com/WCRP-CMIP/CMIP6Plus_CVs/blob/main/JSONLD/source/type","experiment-id:additional_allowed"
"https://github.com/WCRP-CMIP/CMIP6Plus_CVs/blob/main/JSONLD/experiment/id","https://github.com/WCRP-CMIP/CMIP6Plus_CVs/blob/main/JSONLD/source/type","experiment-id:additional_allowed"
"https://github.com/WCRP-CMIP/CMIP6Plus_CVs/blob/main/JSONLD/experiment/id","https://github.com/WCRP-CMIP/CMIP6Plus_CVs/blob/main/JSONLD/source/type","experiment-id:required"
"https://github.com/WCRP-CMIP/CMIP6Plus_CVs/blob/main/JSONLD/experiment/id","https://github.com/WCRP-CMIP/CMIP6Plus_CVs/blob/main/JSONLD/experiment/sub_id","experiment-id:sub_experiment_id"
"https://github.com/WCRP-CMIP/CMIP6Plus_CVs/blob/main/JSONLD/experiment/id","https://github.com/WCRP-CMIP/CMIP6Plus_CVs/blob/main/JSONLD/activity","experiment-id:activity_id"
"https://github.com/WCRP-CMIP/CMIP6Plus_CVs/blob/main/JSONLD/experiment/id","cmip6:experiment/id","experiment-id:experiment_id"
"https://github.com/WCRP-CMIP/CMIP6Plus_CVs/blob/main/JSONLD/experiment/id","https://github.com/WCRP-CMIP/CMIP6Plus_CVs/blob/main/JSONLD/source/type","experiment-id:additional_allowed"
"https://github.com/WCRP-CMIP/CMIP6Plus_CVs/blob/main/JSONLD/experiment/id","https://github.com/WCRP-CMIP/CMIP6Plus_CVs/blob/main/JSONLD/source/type","experiment-id:additional_allowed"
"https://github.com/WCRP-CMIP/CMIP6Plus_CVs/blob/main/JSONLD/experiment/id","https://github.com/WCRP-CMIP/CMIP6Plus_CVs/blob/main/JSONLD/source/type","experiment-id:additional_allowed"
"https://github.com/WCRP-CMIP/CMIP6Plus_CVs/blob/main/JSONLD/experiment/id","https://github.com/WCRP-CMIP/CMIP6Plus_CVs/blob/main/JSONLD/source/type","experiment-id:required"
"https://github.com/WCRP-CMIP/CMIP6Plus_CVs/blob/main/JSONLD/experiment/id","https://github.com/WCRP-CMIP/CMIP6Plus_CVs/blob/main/JSONLD/experiment/sub_id","experiment-id:sub_experiment_id"
"https://github.com/WCRP-CMIP/CMIP6Plus_CVs/blob/main/JSONLD/experiment/id","https://github.com/WCRP-CMIP/CMIP6Plus_CVs/blob/main/JSONLD/source/type","experiment-id:additional_allowed"
"https://github.com/WCRP-CMIP/CMIP6Plus_CVs/blob/main/JSONLD/experiment/id","https://github.com/WCRP-CMIP/CMIP6Plus_CVs/blob/main/JSONLD/source/type","experiment-id:additional_allowed"
"https://github.com/WCRP-CMIP/CMIP6Plus_CVs/blob/main/JSONLD/experiment/id","https://github.com/WCRP-CMIP/CMIP6Plus_CVs/blob/main/JSONLD/source/type","experiment-id:additional_allowed"
"https://github.com/WCRP-CMIP/CMIP6Plus_CVs/blob/main/JSONLD/experiment/id","https://github.com/WCRP-CMIP/CMIP6Plus_CVs/blob/main/JSONLD/source/type","experiment-id:required"
"https://github.com/WCRP-CMIP/CMIP6Plus_CVs/blob/main/JSONLD/experiment/id","https://github.com/WCRP-CMIP/CMIP6Plus_CVs/blob/main/JSONLD/experiment/sub_id","experiment-id:sub_experiment_id"
"https://github.com/WCRP-CMIP/CMIP6Plus_CVs/blob/main/JSONLD/experiment/id","https://github.com/WCRP-CMIP/CMIP6Plus_CVs/blob/main/JSONLD/activity","experiment-id:activity_id"
"https://github.com/WCRP-CMIP/CMIP6Plus_CVs/blob/main/JSONLD/experiment/id","cmip6:experiment/id","experiment-id:experiment_id"
"https://github.com/WCRP-CMIP/CMIP6Plus_CVs/blob/main/JSONLD/experiment/id","","http://www.w3.org/1999/02/22-rdf-syntax-ns#type"
"https://github.com/WCRP-CMIP/CMIP6Plus_CVs/blob/main/JSONLD/experiment/id","https://github.com/WCRP-CMIP/CMIP6Plus_CVs/blob/main/JSONLD/activity","experiment-id:activity_id"
"https://github.com/WCRP-CMIP/CMIP6Plus_CVs/blob/main/JSONLD/experiment/id","","http://www.w3.org/1999/02/22-rdf-syntax-ns#type"
"https://github.com/WCRP-CMIP/CMIP6Plus_CVs/blob/main/JSONLD/experiment/id","https://github.com/WCRP-CMIP/CMIP6Plus_CVs/blob/main/JSONLD/activity","experiment-id:activity_id"
"https://github.com/WCRP-CMIP/CMIP6Plus_CVs/blob/main/JSONLD/experiment/id","","http://www.w3.org/1999/02/22-rdf-syntax-ns#type"
"https://github.com/WCRP-CMIP/CMIP6Plus_CVs/blob/main/JSONLD/experiment/id","https://github.com/WCRP-CMIP/CMIP6Plus_CVs/blob/main/JSONLD/activity","experiment-id:activity_id"
"https://github.com/WCRP-CMIP/CMIP6Plus_CVs/blob/main/JSONLD/experiment/id","","http://www.w3.org/1999/02/22-rdf-syntax-ns#type"
"https://github.com/WCRP-CMIP/CMIP6Plus_CVs/blob/main/JSONLD/experiment/id","https://github.com/WCRP-CMIP/CMIP6Plus_CVs/blob/main/JSONLD/activity","experiment-id:activity_id"
"https://github.com/WCRP-CMIP/CMIP6Plus_CVs/blob/main/JSONLD/experiment/id","","http://www.w3.org/1999/02/22-rdf-syntax-ns#type"
"https://github.com/WCRP-CMIP/CMIP6Plus_CVs/blob/main/JSONLD/experiment/id","https://github.com/WCRP-CMIP/CMIP6Plus_CVs/blob/main/JSONLD/activity","experiment-id:activity_id"
"https://github.com/WCRP-CMIP/CMIP6Plus_CVs/blob/main/JSONLD/experiment/id","","http://www.w3.org/1999/02/22-rdf-syntax-ns#type"
"https://github.com/WCRP-CMIP/CMIP6Plus_CVs/blob/main/JSONLD/experiment/id","https://github.com/WCRP-CMIP/CMIP6Plus_CVs/blob/main/JSONLD/activity","experiment-id:activity_id"
"https://github.com/WCRP-CMIP/CMIP6Plus_CVs/blob/main/JSONLD/experiment/id","","http://www.w3.org/1999/02/22-rdf-syntax-ns#type"
"https://github.com/WCRP-CMIP/CMIP6Plus_CVs/blob/main/JSONLD/experiment/id","https://github.com/WCRP-CMIP/CMIP6Plus_CVs/blob/main/JSONLD/activity","experiment-id:activity_id"
"https://github.com/WCRP-CMIP/CMIP6Plus_CVs/blob/main/JSONLD/experiment/id","","http://www.w3.org/1999/02/22-rdf-syntax-ns#type"
"https://github.com/WCRP-CMIP/CMIP6Plus_CVs/blob/main/JSONLD/experiment/id","https://github.com/WCRP-CMIP/CMIP6Plus_CVs/blob/main/JSONLD/activity","experiment-id:activity_id"
"https://github.com/WCRP-CMIP/CMIP6Plus_CVs/blob/main/JSONLD/experiment/id","","http://www.w3.org/1999/02/22-rdf-syntax-ns#type"
"https://github.com/WCRP-CMIP/CMIP6Plus_CVs/blob/main/JSONLD/experiment/id","https://github.com/WCRP-CMIP/CMIP6Plus_CVs/blob/main/JSONLD/activity","experiment-id:activity_id"
"https://github.com/WCRP-CMIP/CMIP6Plus_CVs/blob/main/JSONLD/experiment/id","","http://www.w3.org/1999/02/22-rdf-syntax-ns#type"
"https://github.com/WCRP-CMIP/CMIP6Plus_CVs/blob/main/JSONLD/experiment/id","https://github.com/WCRP-CMIP/CMIP6Plus_CVs/blob/main/JSONLD/activity","experiment-id:activity_id"
"https://github.com/WCRP-CMIP/CMIP6Plus_CVs/blob/main/JSONLD/experiment/id","","http://www.w3.org/1999/02/22-rdf-syntax-ns#type"
"https://github.com/WCRP-CMIP/CMIP6Plus_CVs/blob/main/JSONLD/experiment/id","https://github.com/WCRP-CMIP/CMIP6Plus_CVs/blob/main/JSONLD/activity","experiment-id:activity_id"
"https://github.com/WCRP-CMIP/CMIP6Plus_CVs/blob/main/JSONLD/experiment/id","","http://www.w3.org/1999/02/22-rdf-syntax-ns#type"
"https://github.com/WCRP-CMIP/CMIP6Plus_CVs/blob/main/JSONLD/experiment/id","https://github.com/WCRP-CMIP/CMIP6Plus_CVs/blob/main/JSONLD/activity","experiment-id:activity_id"
"https://github.com/WCRP-CMIP/CMIP6Plus_CVs/blob/main/JSONLD/experiment/id","","http://www.w3.org/1999/02/22-rdf-syntax-ns#type"
"https://github.com/WCRP-CMIP/CMIP6Plus_CVs/blob/main/JSONLD/experiment/id","https://github.com/WCRP-CMIP/CMIP6Plus_CVs/blob/main/JSONLD/activity","experiment-id:activity_id"
"https://github.com/WCRP-CMIP/CMIP6Plus_CVs/blob/main/JSONLD/experiment/id","","http://www.w3.org/1999/02/22-rdf-syntax-ns#type"
"https://github.com/WCRP-CMIP/CMIP6Plus_CVs/blob/main/JSONLD/experiment/id","https://github.com/WCRP-CMIP/CMIP6Plus_CVs/blob/main/JSONLD/activity","experiment-id:activity_id"
"https://github.com/WCRP-CMIP/CMIP6Plus_CVs/blob/main/JSONLD/experiment/id","","http://www.w3.org/1999/02/22-rdf-syntax-ns#type"
"https://github.com/WCRP-CMIP/CMIP6Plus_CVs/blob/main/JSONLD/experiment/id","https://github.com/WCRP-CMIP/CMIP6Plus_CVs/blob/main/JSONLD/activity","experiment-id:activity_id"
"https://github.com/WCRP-CMIP/CMIP6Plus_CVs/blob/main/JSONLD/experiment/id","","http://www.w3.org/1999/02/22-rdf-syntax-ns#type"
"https://github.com/WCRP-CMIP/CMIP6Plus_CVs/blob/main/JSONLD/experiment/id","https://github.com/WCRP-CMIP/CMIP6Plus_CVs/blob/main/JSONLD/activity","experiment-id:activity_id"
"https://github.com/WCRP-CMIP/CMIP6Plus_CVs/blob/main/JSONLD/experiment/id","","http://www.w3.org/1999/02/22-rdf-syntax-ns#type"
"https://github.com/WCRP-CMIP/CMIP6Plus_CVs/blob/main/JSONLD/experiment/id","https://github.com/WCRP-CMIP/CMIP6Plus_CVs/blob/main/JSONLD/activity","experiment-id:activity_id"
"https://github.com/WCRP-CMIP/CMIP6Plus_CVs/blob/main/JSONLD/experiment/id","","http://www.w3.org/1999/02/22-rdf-syntax-ns#type"
"https://github.com/WCRP-CMIP/CMIP6Plus_CVs/blob/main/JSONLD/experiment/id","https://github.com/WCRP-CMIP/CMIP6Plus_CVs/blob/main/JSONLD/activity","experiment-id:activity_id"
"https://github.com/WCRP-CMIP/CMIP6Plus_CVs/blob/main/JSONLD/experiment/id","","http://www.w3.org/1999/02/22-rdf-syntax-ns#type"
"https://github.com/WCRP-CMIP/CMIP6Plus_CVs/blob/main/JSONLD/experiment/id","https://github.com/WCRP-CMIP/CMIP6Plus_CVs/blob/main/JSONLD/activity","experiment-id:activity_id"
"https://github.com/WCRP-CMIP/CMIP6Plus_CVs/blob/main/JSONLD/experiment/id","","http://www.w3.org/1999/02/22-rdf-syntax-ns#type"
"https://github.com/WCRP-CMIP/CMIP6Plus_CVs/blob/main/JSONLD/experiment/id","https://github.com/WCRP-CMIP/CMIP6Plus_CVs/blob/main/JSONLD/activity","experiment-id:activity_id"
"https://github.com/WCRP-CMIP/CMIP6Plus_CVs/blob/main/JSONLD/experiment/id","","http://www.w3.org/1999/02/22-rdf-syntax-ns#type"
"https://github.com/WCRP-CMIP/CMIP6Plus_CVs/blob/main/JSONLD/experiment/id","https://github.com/WCRP-CMIP/CMIP6Plus_CVs/blob/main/JSONLD/activity","experiment-id:activity_id"
"https://github.com/WCRP-CMIP/CMIP6Plus_CVs/blob/main/JSONLD/experiment/id","","http://www.w3.org/1999/02/22-rdf-syntax-ns#type"
"https://github.com/WCRP-CMIP/CMIP6Plus_CVs/blob/main/JSONLD/experiment/id","https://github.com/WCRP-CMIP/CMIP6Plus_CVs/blob/main/JSONLD/activity","experiment-id:activity_id"
"https://github.com/WCRP-CMIP/CMIP6Plus_CVs/blob/main/JSONLD/experiment/id","","http://www.w3.org/1999/02/22-rdf-syntax-ns#type"
"https://github.com/WCRP-CMIP/CMIP6Plus_CVs/blob/main/JSONLD/experiment/id","https://github.com/WCRP-CMIP/CMIP6Plus_CVs/blob/main/JSONLD/activity","experiment-id:activity_id"
"https://github.com/WCRP-CMIP/CMIP6Plus_CVs/blob/main/JSONLD/experiment/id","","http://www.w3.org/1999/02/22-rdf-syntax-ns#type"
"https://github.com/WCRP-CMIP/CMIP6Plus_CVs/blob/main/JSONLD/experiment/id","https://github.com/WCRP-CMIP/CMIP6Plus_CVs/blob/main/JSONLD/activity","experiment-id:activity_id"
"https://github.com/WCRP-CMIP/CMIP6Plus_CVs/blob/main/JSONLD/experiment/id","","http://www.w3.org/1999/02/22-rdf-syntax-ns#type"
"https://github.com/WCRP-CMIP/CMIP6Plus_CVs/blob/main/JSONLD/experiment/id","https://github.com/WCRP-CMIP/CMIP6Plus_CVs/blob/main/JSONLD/activity","experiment-id:activity_id"
"https://github.com/WCRP-CMIP/CMIP6Plus_CVs/blob/main/JSONLD/experiment/id","","http://www.w3.org/1999/02/22-rdf-syntax-ns#type"
"https://github.com/WCRP-CMIP/CMIP6Plus_CVs/blob/main/JSONLD/experiment/id","https://github.com/WCRP-CMIP/CMIP6Plus_CVs/blob/main/JSONLD/activity","experiment-id:activity_id"
"https://github.com/WCRP-CMIP/CMIP6Plus_CVs/blob/main/JSONLD/experiment/id","","http://www.w3.org/1999/02/22-rdf-syntax-ns#type"
"https://github.com/WCRP-CMIP/CMIP6Plus_CVs/blob/main/JSONLD/experiment/id","https://github.com/WCRP-CMIP/CMIP6Plus_CVs/blob/main/JSONLD/activity","experiment-id:activity_id"
"https://github.com/WCRP-CMIP/CMIP6Plus_CVs/blob/main/JSONLD/experiment/id","","http://www.w3.org/1999/02/22-rdf-syntax-ns#type"
"https://github.com/WCRP-CMIP/CMIP6Plus_CVs/blob/main/JSONLD/experiment/id","https://github.com/WCRP-CMIP/CMIP6Plus_CVs/blob/main/JSONLD/activity","experiment-id:activity_id"
"https://github.com/WCRP-CMIP/CMIP6Plus_CVs/blob/main/JSONLD/experiment/sub_id","","http://www.w3.org/1999/02/22-rdf-syntax-ns#type"
"https://github.com/WCRP-CMIP/CMIP6Plus_CVs/blob/main/JSONLD/experiment/sub_id","","http://www.w3.org/1999/02/22-rdf-syntax-ns#type"
"https://github.com/WCRP-CMIP/CMIP6Plus_CVs/blob/main/JSONLD/model/components","","http://www.w3.org/1999/02/22-rdf-syntax-ns#type"
"https://github.com/WCRP-CMIP/CMIP6Plus_CVs/blob/main/JSONLD/model/components","https://github.com/WCRP-CMIP/CMIP6Plus_CVs/blob/main/JSONLD/model/nominal_resolution","model-component:nominal_resolution"
"https://github.com/WCRP-CMIP/CMIP6Plus_CVs/blob/main/JSONLD/model/components","https://github.com/WCRP-CMIP/CMIP6Plus_CVs/blob/main/JSONLD/model/realms","model-component:realm"
"https://github.com/WCRP-CMIP/CMIP6Plus_CVs/blob/main/JSONLD/model/components","","http://www.w3.org/1999/02/22-rdf-syntax-ns#type"
"https://github.com/WCRP-CMIP/CMIP6Plus_CVs/blob/main/JSONLD/model/components","https://github.com/WCRP-CMIP/CMIP6Plus_CVs/blob/main/JSONLD/model/nominal_resolution","model-component:nominal_resolution"
"https://github.com/WCRP-CMIP/CMIP6Plus_CVs/blob/main/JSONLD/model/components","https://github.com/WCRP-CMIP/CMIP6Plus_CVs/blob/main/JSONLD/model/realms","model-component:realm"
"https://github.com/WCRP-CMIP/CMIP6Plus_CVs/blob/main/JSONLD/model/components","","http://www.w3.org/1999/02/22-rdf-syntax-ns#type"
"https://github.com/WCRP-CMIP/CMIP6Plus_CVs/blob/main/JSONLD/model/components","https://github.com/WCRP-CMIP/CMIP6Plus_CVs/blob/main/JSONLD/model/nominal_resolution","model-component:nominal_resolution"
"https://github.com/WCRP-CMIP/CMIP6Plus_CVs/blob/main/JSONLD/model/components","https://github.com/WCRP-CMIP/CMIP6Plus_CVs/blob/main/JSONLD/model/realms","model-component:realm"
"https://github.com/WCRP-CMIP/CMIP6Plus_CVs/blob/main/JSONLD/model/components","","http://www.w3.org/1999/02/22-rdf-syntax-ns#type"
"https://github.com/WCRP-CMIP/CMIP6Plus_CVs/blob/main/JSONLD/model/components","https://github.com/WCRP-CMIP/CMIP6Plus_CVs/blob/main/JSONLD/model/nominal_resolution","model-component:nominal_resolution"
"https://github.com/WCRP-CMIP/CMIP6Plus_CVs/blob/main/JSONLD/model/components","https://github.com/WCRP-CMIP/CMIP6Plus_CVs/blob/main/JSONLD/model/realms","model-component:realm"
"https://github.com/WCRP-CMIP/CMIP6Plus_CVs/blob/main/JSONLD/model/components","","http://www.w3.org/1999/02/22-rdf-syntax-ns#type"
"https://github.com/WCRP-CMIP/CMIP6Plus_CVs/blob/main/JSONLD/model/components","https://github.com/WCRP-CMIP/CMIP6Plus_CVs/blob/main/JSONLD/model/nominal_resolution","model-component:nominal_resolution"
"https://github.com/WCRP-CMIP/CMIP6Plus_CVs/blob/main/JSONLD/model/components","https://github.com/WCRP-CMIP/CMIP6Plus_CVs/blob/main/JSONLD/model/realms","model-component:realm"
"https://github.com/WCRP-CMIP/CMIP6Plus_CVs/blob/main/JSONLD/model/components","","http://www.w3.org/1999/02/22-rdf-syntax-ns#type"
"https://github.com/WCRP-CMIP/CMIP6Plus_CVs/blob/main/JSONLD/model/components","https://github.com/WCRP-CMIP/CMIP6Plus_CVs/blob/main/JSONLD/model/nominal_resolution","model-component:nominal_resolution"
"https://github.com/WCRP-CMIP/CMIP6Plus_CVs/blob/main/JSONLD/model/components","https://github.com/WCRP-CMIP/CMIP6Plus_CVs/blob/main/JSONLD/model/realms","model-component:realm"
"https://github.com/WCRP-CMIP/CMIP6Plus_CVs/blob/main/JSONLD/model/components","","http://www.w3.org/1999/02/22-rdf-syntax-ns#type"
"https://github.com/WCRP-CMIP/CMIP6Plus_CVs/blob/main/JSONLD/model/components","https://github.com/WCRP-CMIP/CMIP6Plus_CVs/blob/main/JSONLD/model/nominal_resolution","model-component:nominal_resolution"
"https://github.com/WCRP-CMIP/CMIP6Plus_CVs/blob/main/JSONLD/model/components","https://github.com/WCRP-CMIP/CMIP6Plus_CVs/blob/main/JSONLD/model/realms","model-component:realm"
"https://github.com/WCRP-CMIP/CMIP6Plus_CVs/blob/main/JSONLD/model/components","","http://www.w3.org/1999/02/22-rdf-syntax-ns#type"
"https://github.com/WCRP-CMIP/CMIP6Plus_CVs/blob/main/JSONLD/model/components","https://github.com/WCRP-CMIP/CMIP6Plus_CVs/blob/main/JSONLD/model/nominal_resolution","model-component:nominal_resolution"
"https://github.com/WCRP-CMIP/CMIP6Plus_CVs/blob/main/JSONLD/model/components","https://github.com/WCRP-CMIP/CMIP6Plus_CVs/blob/main/JSONLD/model/realms","model-component:realm"
"https://github.com/WCRP-CMIP/CMIP6Plus_CVs/blob/main/JSONLD/model/components","","http://www.w3.org/1999/02/22-rdf-syntax-ns#type"
"https://github.com/WCRP-CMIP/CMIP6Plus_CVs/blob/main/JSONLD/model/components","https://github.com/WCRP-CMIP/CMIP6Plus_CVs/blob/main/JSONLD/model/nominal_resolution","model-component:nominal_resolution"
"https://github.com/WCRP-CMIP/CMIP6Plus_CVs/blob/main/JSONLD/model/components","https://github.com/WCRP-CMIP/CMIP6Plus_CVs/blob/main/JSONLD/model/realms","model-component:realm"
"https://github.com/WCRP-CMIP/CMIP6Plus_CVs/blob/main/JSONLD/model/components","","http://www.w3.org/1999/02/22-rdf-syntax-ns#type"
"https://github.com/WCRP-CMIP/CMIP6Plus_CVs/blob/main/JSONLD/model/components","https://github.com/WCRP-CMIP/CMIP6Plus_CVs/blob/main/JSONLD/model/nominal_resolution","model-component:nominal_resolution"
"https://github.com/WCRP-CMIP/CMIP6Plus_CVs/blob/main/JSONLD/model/components","https://github.com/WCRP-CMIP/CMIP6Plus_CVs/blob/main/JSONLD/model/realms","model-component:realm"
"https://github.com/WCRP-CMIP/CMIP6Plus_CVs/blob/main/JSONLD/model/components","","http://www.w3.org/1999/02/22-rdf-syntax-ns#type"
"https://github.com/WCRP-CMIP/CMIP6Plus_CVs/blob/main/JSONLD/model/components","https://github.com/WCRP-CMIP/CMIP6Plus_CVs/blob/main/JSONLD/model/nominal_resolution","model-component:nominal_resolution"
"https://github.com/WCRP-CMIP/CMIP6Plus_CVs/blob/main/JSONLD/model/components","https://github.com/WCRP-CMIP/CMIP6Plus_CVs/blob/main/JSONLD/model/realms","model-component:realm"
"https://github.com/WCRP-CMIP/CMIP6Plus_CVs/blob/main/JSONLD/model/components","","http://www.w3.org/1999/02/22-rdf-syntax-ns#type"
"https://github.com/WCRP-CMIP/CMIP6Plus_CVs/blob/main/JSONLD/model/components","https://github.com/WCRP-CMIP/CMIP6Plus_CVs/blob/main/JSONLD/model/nominal_resolution","model-component:nominal_resolution"
"https://github.com/WCRP-CMIP/CMIP6Plus_CVs/blob/main/JSONLD/model/components","https://github.com/WCRP-CMIP/CMIP6Plus_CVs/blob/main/JSONLD/model/realms","model-component:realm"
"https://github.com/WCRP-CMIP/CMIP6Plus_CVs/blob/main/JSONLD/model/components","","http://www.w3.org/1999/02/22-rdf-syntax-ns#type"
"https://github.com/WCRP-CMIP/CMIP6Plus_CVs/blob/main/JSONLD/model/components","https://github.com/WCRP-CMIP/CMIP6Plus_CVs/blob/main/JSONLD/model/nominal_resolution","model-component:nominal_resolution"
"https://github.com/WCRP-CMIP/CMIP6Plus_CVs/blob/main/JSONLD/model/components","https://github.com/WCRP-CMIP/CMIP6Plus_CVs/blob/main/JSONLD/model/realms","model-component:realm"
"https://github.com/WCRP-CMIP/CMIP6Plus_CVs/blob/main/JSONLD/model/components","","http://www.w3.org/1999/02/22-rdf-syntax-ns#type"
"https://github.com/WCRP-CMIP/CMIP6Plus_CVs/blob/main/JSONLD/model/components","https://github.com/WCRP-CMIP/CMIP6Plus_CVs/blob/main/JSONLD/model/nominal_resolution","model-component:nominal_resolution"
"https://github.com/WCRP-CMIP/CMIP6Plus_CVs/blob/main/JSONLD/model/components","https://github.com/WCRP-CMIP/CMIP6Plus_CVs/blob/main/JSONLD/model/realms","model-component:realm"
"https://github.com/WCRP-CMIP/CMIP6Plus_CVs/blob/main/JSONLD/model/components","","http://www.w3.org/1999/02/22-rdf-syntax-ns#type"
"https://github.com/WCRP-CMIP/CMIP6Plus_CVs/blob/main/JSONLD/model/components","https://github.com/WCRP-CMIP/CMIP6Plus_CVs/blob/main/JSONLD/model/nominal_resolution","model-component:nominal_resolution"
"https://github.com/WCRP-CMIP/CMIP6Plus_CVs/blob/main/JSONLD/model/components","https://github.com/WCRP-CMIP/CMIP6Plus_CVs/blob/main/JSONLD/model/realms","model-component:realm"
"https://github.com/WCRP-CMIP/CMIP6Plus_CVs/blob/main/JSONLD/model/components","","http://www.w3.org/1999/02/22-rdf-syntax-ns#type"
"https://github.com/WCRP-CMIP/CMIP6Plus_CVs/blob/main/JSONLD/model/components","https://github.com/WCRP-CMIP/CMIP6Plus_CVs/blob/main/JSONLD/model/nominal_resolution","model-component:nominal_resolution"
"https://github.com/WCRP-CMIP/CMIP6Plus_CVs/blob/main/JSONLD/model/components","https://github.com/WCRP-CMIP/CMIP6Plus_CVs/blob/main/JSONLD/model/realms","model-component:realm"
"https://github.com/WCRP-CMIP/CMIP6Plus_CVs/blob/main/JSONLD/model/components","","http://www.w3.org/1999/02/22-rdf-syntax-ns#type"
"https://github.com/WCRP-CMIP/CMIP6Plus_CVs/blob/main/JSONLD/model/components","https://github.com/WCRP-CMIP/CMIP6Plus_CVs/blob/main/JSONLD/model/nominal_resolution","model-component:nominal_resolution"
"https://github.com/WCRP-CMIP/CMIP6Plus_CVs/blob/main/JSONLD/model/components","https://github.com/WCRP-CMIP/CMIP6Plus_CVs/blob/main/JSONLD/model/realms","model-component:realm"
"https://github.com/WCRP-CMIP/CMIP6Plus_CVs/blob/main/JSONLD/model/components","","http://www.w3.org/1999/02/22-rdf-syntax-ns#type"
"https://github.com/WCRP-CMIP/CMIP6Plus_CVs/blob/main/JSONLD/model/components","https://github.com/WCRP-CMIP/CMIP6Plus_CVs/blob/main/JSONLD/model/nominal_resolution","model-component:nominal_resolution"
"https://github.com/WCRP-CMIP/CMIP6Plus_CVs/blob/main/JSONLD/model/components","https://github.com/WCRP-CMIP/CMIP6Plus_CVs/blob/main/JSONLD/model/realms","model-component:realm"
"https://github.com/WCRP-CMIP/CMIP6Plus_CVs/blob/main/JSONLD/model/components","","http://www.w3.org/1999/02/22-rdf-syntax-ns#type"
"https://github.com/WCRP-CMIP/CMIP6Plus_CVs/blob/main/JSONLD/model/components","https://github.com/WCRP-CMIP/CMIP6Plus_CVs/blob/main/JSONLD/model/nominal_resolution","model-component:nominal_resolution"
"https://github.com/WCRP-CMIP/CMIP6Plus_CVs/blob/main/JSONLD/model/components","https://github.com/WCRP-CMIP/CMIP6Plus_CVs/blob/main/JSONLD/model/realms","model-component:realm"
"https://github.com/WCRP-CMIP/CMIP6Plus_CVs/blob/main/JSONLD/model/components","","http://www.w3.org/1999/02/22-rdf-syntax-ns#type"
"https://github.com/WCRP-CMIP/CMIP6Plus_CVs/blob/main/JSONLD/model/components","https://github.com/WCRP-CMIP/CMIP6Plus_CVs/blob/main/JSONLD/model/nominal_resolution","model-component:nominal_resolution"
"https://github.com/WCRP-CMIP/CMIP6Plus_CVs/blob/main/JSONLD/model/components","https://github.com/WCRP-CMIP/CMIP6Plus_CVs/blob/main/JSONLD/model/realms","model-component:realm"
"https://github.com/WCRP-CMIP/CMIP6Plus_CVs/blob/main/JSONLD/model/components","","http://www.w3.org/1999/02/22-rdf-syntax-ns#type"
"https://github.com/WCRP-CMIP/CMIP6Plus_CVs/blob/main/JSONLD/model/components","https://github.com/WCRP-CMIP/CMIP6Plus_CVs/blob/main/JSONLD/model/nominal_resolution","model-component:nominal_resolution"
"https://github.com/WCRP-CMIP/CMIP6Plus_CVs/blob/main/JSONLD/model/components","https://github.com/WCRP-CMIP/CMIP6Plus_CVs/blob/main/JSONLD/model/realms","model-component:realm"
"https://github.com/WCRP-CMIP/CMIP6Plus_CVs/blob/main/JSONLD/model/components","","http://www.w3.org/1999/02/22-rdf-syntax-ns#type"
"https://github.com/WCRP-CMIP/CMIP6Plus_CVs/blob/main/JSONLD/model/components","https://github.com/WCRP-CMIP/CMIP6Plus_CVs/blob/main/JSONLD/model/nominal_resolution","model-component:nominal_resolution"
"https://github.com/WCRP-CMIP/CMIP6Plus_CVs/blob/main/JSONLD/model/components","https://github.com/WCRP-CMIP/CMIP6Plus_CVs/blob/main/JSONLD/model/realms","model-component:realm"
"https://github.com/WCRP-CMIP/CMIP6Plus_CVs/blob/main/JSONLD/model/components","","http://www.w3.org/1999/02/22-rdf-syntax-ns#type"
"https://github.com/WCRP-CMIP/CMIP6Plus_CVs/blob/main/JSONLD/model/components","https://github.com/WCRP-CMIP/CMIP6Plus_CVs/blob/main/JSONLD/model/nominal_resolution","model-component:nominal_resolution"
"https://github.com/WCRP-CMIP/CMIP6Plus_CVs/blob/main/JSONLD/model/components","https://github.com/WCRP-CMIP/CMIP6Plus_CVs/blob/main/JSONLD/model/realms","model-component:realm"
"https://github.com/WCRP-CMIP/CMIP6Plus_CVs/blob/main/JSONLD/model/components","","http://www.w3.org/1999/02/22-rdf-syntax-ns#type"
"https://github.com/WCRP-CMIP/CMIP6Plus_CVs/blob/main/JSONLD/model/components","https://github.com/WCRP-CMIP/CMIP6Plus_CVs/blob/main/JSONLD/model/nominal_resolution","model-component:nominal_resolution"
"https://github.com/WCRP-CMIP/CMIP6Plus_CVs/blob/main/JSONLD/model/components","https://github.com/WCRP-CMIP/CMIP6Plus_CVs/blob/main/JSONLD/model/realms","model-component:realm"
"https://github.com/WCRP-CMIP/CMIP6Plus_CVs/blob/main/JSONLD/model/components","","http://www.w3.org/1999/02/22-rdf-syntax-ns#type"
"https://github.com/WCRP-CMIP/CMIP6Plus_CVs/blob/main/JSONLD/model/components","https://github.com/WCRP-CMIP/CMIP6Plus_CVs/blob/main/JSONLD/model/nominal_resolution","model-component:nominal_resolution"
"https://github.com/WCRP-CMIP/CMIP6Plus_CVs/blob/main/JSONLD/model/components","https://github.com/WCRP-CMIP/CMIP6Plus_CVs/blob/main/JSONLD/model/realms","model-component:realm"
"https://github.com/WCRP-CMIP/CMIP6Plus_CVs/blob/main/JSONLD/model/components","","http://www.w3.org/1999/02/22-rdf-syntax-ns#type"
"https://github.com/WCRP-CMIP/CMIP6Plus_CVs/blob/main/JSONLD/model/components","https://github.com/WCRP-CMIP/CMIP6Plus_CVs/blob/main/JSONLD/model/nominal_resolution","model-component:nominal_resolution"
"https://github.com/WCRP-CMIP/CMIP6Plus_CVs/blob/main/JSONLD/model/components","https://github.com/WCRP-CMIP/CMIP6Plus_CVs/blob/main/JSONLD/model/realms","model-component:realm"
"https://github.com/WCRP-CMIP/CMIP6Plus_CVs/blob/main/JSONLD/model/components","","http://www.w3.org/1999/02/22-rdf-syntax-ns#type"
"https://github.com/WCRP-CMIP/CMIP6Plus_CVs/blob/main/JSONLD/model/components","https://github.com/WCRP-CMIP/CMIP6Plus_CVs/blob/main/JSONLD/model/nominal_resolution","model-component:nominal_resolution"
"https://github.com/WCRP-CMIP/CMIP6Plus_CVs/blob/main/JSONLD/model/components","https://github.com/WCRP-CMIP/CMIP6Plus_CVs/blob/main/JSONLD/model/realms","model-component:realm"
"https://github.com/WCRP-CMIP/CMIP6Plus_CVs/blob/main/JSONLD/model/components","","http://www.w3.org/1999/02/22-rdf-syntax-ns#type"
"https://github.com/WCRP-CMIP/CMIP6Plus_CVs/blob/main/JSONLD/model/components","https://github.com/WCRP-CMIP/CMIP6Plus_CVs/blob/main/JSONLD/model/nominal_resolution","model-component:nominal_resolution"
"https://github.com/WCRP-CMIP/CMIP6Plus_CVs/blob/main/JSONLD/model/components","https://github.com/WCRP-CMIP/CMIP6Plus_CVs/blob/main/JSONLD/model/realms","model-component:realm"
"https://github.com/WCRP-CMIP/CMIP6Plus_CVs/blob/main/JSONLD/model/components","","http://www.w3.org/1999/02/22-rdf-syntax-ns#type"
"https://github.com/WCRP-CMIP/CMIP6Plus_CVs/blob/main/JSONLD/model/components","https://github.com/WCRP-CMIP/CMIP6Plus_CVs/blob/main/JSONLD/model/nominal_resolution","model-component:nominal_resolution"
"https://github.com/WCRP-CMIP/CMIP6Plus_CVs/blob/main/JSONLD/model/components","https://github.com/WCRP-CMIP/CMIP6Plus_CVs/blob/main/JSONLD/model/realms","model-component:realm"
"https://github.com/WCRP-CMIP/CMIP6Plus_CVs/blob/main/JSONLD/model/native_nominal_resolution","","http://www.w3.org/1999/02/22-rdf-syntax-ns#type"
"https://github.com/WCRP-CMIP/CMIP6Plus_CVs/blob/main/JSONLD/model/native_nominal_resolution","","cf:unit"
"https://github.com/WCRP-CMIP/CMIP6Plus_CVs/blob/main/JSONLD/model/native_nominal_resolution","","http://www.w3.org/1999/02/22-rdf-syntax-ns#type"
"https://github.com/WCRP-CMIP/CMIP6Plus_CVs/blob/main/JSONLD/model/native_nominal_resolution","","cf:unit"
"https://github.com/WCRP-CMIP/CMIP6Plus_CVs/blob/main/JSONLD/model/native_nominal_resolution","","http://www.w3.org/1999/02/22-rdf-syntax-ns#type"
"https://github.com/WCRP-CMIP/CMIP6Plus_CVs/blob/main/JSONLD/model/native_nominal_resolution","","cf:unit"
"https://github.com/WCRP-CMIP/CMIP6Plus_CVs/blob/main/JSONLD/model/realms","","http://www.w3.org/1999/02/22-rdf-syntax-ns#type"
"https://github.com/WCRP-CMIP/CMIP6Plus_CVs/blob/main/JSONLD/model/realms","","http://www.w3.org/1999/02/22-rdf-syntax-ns#type"
"https://github.com/WCRP-CMIP/CMIP6Plus_CVs/blob/main/JSONLD/model/realms","","http://www.w3.org/1999/02/22-rdf-syntax-ns#type"
"https://github.com/WCRP-CMIP/CMIP6Plus_CVs/blob/main/JSONLD/model/realms","","http://www.w3.org/1999/02/22-rdf-syntax-ns#type"
"https://github.com/WCRP-CMIP/CMIP6Plus_CVs/blob/main/JSONLD/model/realms","","http://www.w3.org/1999/02/22-rdf-syntax-ns#type"
"https://github.com/WCRP-CMIP/CMIP6Plus_CVs/blob/main/JSONLD/model/realms","","http://www.w3.org/1999/02/22-rdf-syntax-ns#type"
"https://github.com/WCRP-CMIP/CMIP6Plus_CVs/blob/main/JSONLD/source/id","https://github.com/PCMDI/mip-cmor-tables/blob/main/JSONLD/license","license:type"
"https://github.com/WCRP-CMIP/CMIP6Plus_CVs/blob/main/JSONLD/source/id","https://github.com/PCMDI/mip-cmor-tables/blob/main/JSONLD/license","license:type"
"https://github.com/WCRP-CMIP/CMIP6Plus_CVs/blob/main/JSONLD/source/id","https://github.com/PCMDI/mip-cmor-tables/blob/main/JSONLD/license","license:type"
"https://github.com/WCRP-CMIP/CMIP6Plus_CVs/blob/main/JSONLD/source/id","https://github.com/PCMDI/mip-cmor-tables/blob/main/JSONLD/license","license:type"
"https://github.com/WCRP-CMIP/CMIP6Plus_CVs/blob/main/JSONLD/source/id","https://github.com/PCMDI/mip-cmor-tables/blob/main/JSONLD/license","license:type"
"https://github.com/WCRP-CMIP/CMIP6Plus_CVs/blob/main/JSONLD/source/id","https://github.com/PCMDI/mip-cmor-tables/blob/main/JSONLD/license","license:type"
"https://github.com/WCRP-CMIP/CMIP6Plus_CVs/blob/main/JSONLD/source/id","","http://www.w3.org/1999/02/22-rdf-syntax-ns#type"
"https://github.com/WCRP-CMIP/CMIP6Plus_CVs/blob/main/JSONLD/source/id","https://github.com/WCRP-CMIP/CMIP6Plus_CVs/blob/main/JSONLD/activity","source-id:activity_participation"
"https://github.com/WCRP-CMIP/CMIP6Plus_CVs/blob/main/JSONLD/source/id","https://github.com/WCRP-CMIP/CMIP6Plus_CVs/blob/main/JSONLD/activity","source-id:activity_participation"
"https://github.com/WCRP-CMIP/CMIP6Plus_CVs/blob/main/JSONLD/source/id","https://github.com/PCMDI/mip-cmor-tables/blob/main/JSONLD/institutions","source-id:institution_id"
"https://github.com/WCRP-CMIP/CMIP6Plus_CVs/blob/main/JSONLD/source/id","https://github.com/WCRP-CMIP/CMIP6Plus_CVs/blob/main/JSONLD/model/componets","http://www.w3.org/1999/02/22-rdf-syntax-ns#first"
"https://github.com/WCRP-CMIP/CMIP6Plus_CVs/blob/main/JSONLD/source/id","https://github.com/WCRP-CMIP/CMIP6Plus_CVs/blob/main/JSONLD/model/componets","http://www.w3.org/1999/02/22-rdf-syntax-ns#first"
"https://github.com/WCRP-CMIP/CMIP6Plus_CVs/blob/main/JSONLD/source/id","https://github.com/WCRP-CMIP/CMIP6Plus_CVs/blob/main/JSONLD/model/componets","http://www.w3.org/1999/02/22-rdf-syntax-ns#first"
"https://github.com/WCRP-CMIP/CMIP6Plus_CVs/blob/main/JSONLD/source/id","https://github.com/WCRP-CMIP/CMIP6Plus_CVs/blob/main/JSONLD/model/componets","http://www.w3.org/1999/02/22-rdf-syntax-ns#first"
"https://github.com/WCRP-CMIP/CMIP6Plus_CVs/blob/main/JSONLD/source/id","https://github.com/WCRP-CMIP/CMIP6Plus_CVs/blob/main/JSONLD/model/componets","http://www.w3.org/1999/02/22-rdf-syntax-ns#first"
"https://github.com/WCRP-CMIP/CMIP6Plus_CVs/blob/main/JSONLD/source/id","https://github.com/WCRP-CMIP/CMIP6Plus_CVs/blob/main/JSONLD/model/componets","http://www.w3.org/1999/02/22-rdf-syntax-ns#first"
"https://github.com/WCRP-CMIP/CMIP6Plus_CVs/blob/main/JSONLD/source/id","http://www.w3.org/1999/02","http://www.w3.org/1999/02/22-rdf-syntax-ns#rest"
"https://github.com/WCRP-CMIP/CMIP6Plus_CVs/blob/main/JSONLD/source/id","","http://www.w3.org/1999/02/22-rdf-syntax-ns#type"
"https://github.com/WCRP-CMIP/CMIP6Plus_CVs/blob/main/JSONLD/source/id","https://github.com/WCRP-CMIP/CMIP6Plus_CVs/blob/main/JSONLD/activity","source-id:activity_participation"
"https://github.com/WCRP-CMIP/CMIP6Plus_CVs/blob/main/JSONLD/source/id","https://github.com/WCRP-CMIP/CMIP6Plus_CVs/blob/main/JSONLD/activity","source-id:activity_participation"
"https://github.com/WCRP-CMIP/CMIP6Plus_CVs/blob/main/JSONLD/source/id","https://github.com/PCMDI/mip-cmor-tables/blob/main/JSONLD/institutions","source-id:institution_id"
"https://github.com/WCRP-CMIP/CMIP6Plus_CVs/blob/main/JSONLD/source/id","https://github.com/WCRP-CMIP/CMIP6Plus_CVs/blob/main/JSONLD/model/componets","http://www.w3.org/1999/02/22-rdf-syntax-ns#first"
"https://github.com/WCRP-CMIP/CMIP6Plus_CVs/blob/main/JSONLD/source/id","https://github.com/WCRP-CMIP/CMIP6Plus_CVs/blob/main/JSONLD/model/componets","http://www.w3.org/1999/02/22-rdf-syntax-ns#first"
"https://github.com/WCRP-CMIP/CMIP6Plus_CVs/blob/main/JSONLD/source/id","https://github.com/WCRP-CMIP/CMIP6Plus_CVs/blob/main/JSONLD/model/componets","http://www.w3.org/1999/02/22-rdf-syntax-ns#first"
"https://github.com/WCRP-CMIP/CMIP6Plus_CVs/blob/main/JSONLD/source/id","https://github.com/WCRP-CMIP/CMIP6Plus_CVs/blob/main/JSONLD/model/componets","http://www.w3.org/1999/02/22-rdf-syntax-ns#first"
"https://github.com/WCRP-CMIP/CMIP6Plus_CVs/blob/main/JSONLD/source/id","https://github.com/WCRP-CMIP/CMIP6Plus_CVs/blob/main/JSONLD/model/componets","http://www.w3.org/1999/02/22-rdf-syntax-ns#first"
"https://github.com/WCRP-CMIP/CMIP6Plus_CVs/blob/main/JSONLD/source/id","http://www.w3.org/1999/02","http://www.w3.org/1999/02/22-rdf-syntax-ns#rest"
"https://github.com/WCRP-CMIP/CMIP6Plus_CVs/blob/main/JSONLD/source/id","","http://www.w3.org/1999/02/22-rdf-syntax-ns#type"
"https://github.com/WCRP-CMIP/CMIP6Plus_CVs/blob/main/JSONLD/source/id","https://github.com/WCRP-CMIP/CMIP6Plus_CVs/blob/main/JSONLD/activity","source-id:activity_participation"
"https://github.com/WCRP-CMIP/CMIP6Plus_CVs/blob/main/JSONLD/source/id","https://github.com/WCRP-CMIP/CMIP6Plus_CVs/blob/main/JSONLD/activity","source-id:activity_participation"
"https://github.com/WCRP-CMIP/CMIP6Plus_CVs/blob/main/JSONLD/source/id","https://github.com/PCMDI/mip-cmor-tables/blob/main/JSONLD/institutions","source-id:institution_id"
"https://github.com/WCRP-CMIP/CMIP6Plus_CVs/blob/main/JSONLD/source/id","https://github.com/WCRP-CMIP/CMIP6Plus_CVs/blob/main/JSONLD/model/componets","http://www.w3.org/1999/02/22-rdf-syntax-ns#first"
"https://github.com/WCRP-CMIP/CMIP6Plus_CVs/blob/main/JSONLD/source/id","https://github.com/WCRP-CMIP/CMIP6Plus_CVs/blob/main/JSONLD/model/componets","http://www.w3.org/1999/02/22-rdf-syntax-ns#first"
"https://github.com/WCRP-CMIP/CMIP6Plus_CVs/blob/main/JSONLD/source/id","https://github.com/WCRP-CMIP/CMIP6Plus_CVs/blob/main/JSONLD/model/componets","http://www.w3.org/1999/02/22-rdf-syntax-ns#first"
"https://github.com/WCRP-CMIP/CMIP6Plus_CVs/blob/main/JSONLD/source/id","https://github.com/WCRP-CMIP/CMIP6Plus_CVs/blob/main/JSONLD/model/componets","http://www.w3.org/1999/02/22-rdf-syntax-ns#first"
"https://github.com/WCRP-CMIP/CMIP6Plus_CVs/blob/main/JSONLD/source/id","https://github.com/WCRP-CMIP/CMIP6Plus_CVs/blob/main/JSONLD/model/componets","http://www.w3.org/1999/02/22-rdf-syntax-ns#first"
"https://github.com/WCRP-CMIP/CMIP6Plus_CVs/blob/main/JSONLD/source/id","http://www.w3.org/1999/02","http://www.w3.org/1999/02/22-rdf-syntax-ns#rest"
"https://github.com/WCRP-CMIP/CMIP6Plus_CVs/blob/main/JSONLD/source/id","","http://www.w3.org/1999/02/22-rdf-syntax-ns#type"
"https://github.com/WCRP-CMIP/CMIP6Plus_CVs/blob/main/JSONLD/source/id","https://github.com/WCRP-CMIP/CMIP6Plus_CVs/blob/main/JSONLD/activity","source-id:activity_participation"
"https://github.com/WCRP-CMIP/CMIP6Plus_CVs/blob/main/JSONLD/source/id","https://github.com/WCRP-CMIP/CMIP6Plus_CVs/blob/main/JSONLD/activity","source-id:activity_participation"
"https://github.com/WCRP-CMIP/CMIP6Plus_CVs/blob/main/JSONLD/source/id","https://github.com/PCMDI/mip-cmor-tables/blob/main/JSONLD/institutions","source-id:institution_id"
"https://github.com/WCRP-CMIP/CMIP6Plus_CVs/blob/main/JSONLD/source/id","https://github.com/WCRP-CMIP/CMIP6Plus_CVs/blob/main/JSONLD/model/componets","http://www.w3.org/1999/02/22-rdf-syntax-ns#first"
"https://github.com/WCRP-CMIP/CMIP6Plus_CVs/blob/main/JSONLD/source/id","https://github.com/WCRP-CMIP/CMIP6Plus_CVs/blob/main/JSONLD/model/componets","http://www.w3.org/1999/02/22-rdf-syntax-ns#first"
"https://github.com/WCRP-CMIP/CMIP6Plus_CVs/blob/main/JSONLD/source/id","https://github.com/WCRP-CMIP/CMIP6Plus_CVs/blob/main/JSONLD/model/componets","http://www.w3.org/1999/02/22-rdf-syntax-ns#first"
"https://github.com/WCRP-CMIP/CMIP6Plus_CVs/blob/main/JSONLD/source/id","https://github.com/WCRP-CMIP/CMIP6Plus_CVs/blob/main/JSONLD/model/componets","http://www.w3.org/1999/02/22-rdf-syntax-ns#first"
"https://github.com/WCRP-CMIP/CMIP6Plus_CVs/blob/main/JSONLD/source/id","https://github.com/WCRP-CMIP/CMIP6Plus_CVs/blob/main/JSONLD/model/componets","http://www.w3.org/1999/02/22-rdf-syntax-ns#first"
"https://github.com/WCRP-CMIP/CMIP6Plus_CVs/blob/main/JSONLD/source/id","https://github.com/WCRP-CMIP/CMIP6Plus_CVs/blob/main/JSONLD/model/componets","http://www.w3.org/1999/02/22-rdf-syntax-ns#first"
"https://github.com/WCRP-CMIP/CMIP6Plus_CVs/blob/main/JSONLD/source/id","https://github.com/WCRP-CMIP/CMIP6Plus_CVs/blob/main/JSONLD/model/componets","http://www.w3.org/1999/02/22-rdf-syntax-ns#first"
"https://github.com/WCRP-CMIP/CMIP6Plus_CVs/blob/main/JSONLD/source/id","http://www.w3.org/1999/02","http://www.w3.org/1999/02/22-rdf-syntax-ns#rest"
"https://github.com/WCRP-CMIP/CMIP6Plus_CVs/blob/main/JSONLD/source/id","","http://www.w3.org/1999/02/22-rdf-syntax-ns#type"
"https://github.com/WCRP-CMIP/CMIP6Plus_CVs/blob/main/JSONLD/source/id","https://github.com/WCRP-CMIP/CMIP6Plus_CVs/blob/main/JSONLD/activity","source-id:activity_participation"
"https://github.com/WCRP-CMIP/CMIP6Plus_CVs/blob/main/JSONLD/source/id","https://github.com/WCRP-CMIP/CMIP6Plus_CVs/blob/main/JSONLD/activity","source-id:activity_participation"
"https://github.com/WCRP-CMIP/CMIP6Plus_CVs/blob/main/JSONLD/source/id","https://github.com/PCMDI/mip-cmor-tables/blob/main/JSONLD/institutions","source-id:institution_id"
"https://github.com/WCRP-CMIP/CMIP6Plus_CVs/blob/main/JSONLD/source/id","https://github.com/WCRP-CMIP/CMIP6Plus_CVs/blob/main/JSONLD/model/componets","http://www.w3.org/1999/02/22-rdf-syntax-ns#first"
"https://github.com/WCRP-CMIP/CMIP6Plus_CVs/blob/main/JSONLD/source/id","https://github.com/WCRP-CMIP/CMIP6Plus_CVs/blob/main/JSONLD/model/componets","http://www.w3.org/1999/02/22-rdf-syntax-ns#first"
"https://github.com/WCRP-CMIP/CMIP6Plus_CVs/blob/main/JSONLD/source/id","https://github.com/WCRP-CMIP/CMIP6Plus_CVs/blob/main/JSONLD/model/componets","http://www.w3.org/1999/02/22-rdf-syntax-ns#first"
"https://github.com/WCRP-CMIP/CMIP6Plus_CVs/blob/main/JSONLD/source/id","https://github.com/WCRP-CMIP/CMIP6Plus_CVs/blob/main/JSONLD/model/componets","http://www.w3.org/1999/02/22-rdf-syntax-ns#first"
"https://github.com/WCRP-CMIP/CMIP6Plus_CVs/blob/main/JSONLD/source/id","https://github.com/WCRP-CMIP/CMIP6Plus_CVs/blob/main/JSONLD/model/componets","http://www.w3.org/1999/02/22-rdf-syntax-ns#first"
"https://github.com/WCRP-CMIP/CMIP6Plus_CVs/blob/main/JSONLD/source/id","https://github.com/WCRP-CMIP/CMIP6Plus_CVs/blob/main/JSONLD/model/componets","http://www.w3.org/1999/02/22-rdf-syntax-ns#first"
"https://github.com/WCRP-CMIP/CMIP6Plus_CVs/blob/main/JSONLD/source/id","https://github.com/WCRP-CMIP/CMIP6Plus_CVs/blob/main/JSONLD/model/componets","http://www.w3.org/1999/02/22-rdf-syntax-ns#first"
"https://github.com/WCRP-CMIP/CMIP6Plus_CVs/blob/main/JSONLD/source/id","http://www.w3.org/1999/02","http://www.w3.org/1999/02/22-rdf-syntax-ns#rest"
"https://github.com/WCRP-CMIP/CMIP6Plus_CVs/blob/main/JSONLD/source/id","","http://www.w3.org/1999/02/22-rdf-syntax-ns#type"
"https://github.com/WCRP-CMIP/CMIP6Plus_CVs/blob/main/JSONLD/source/id","https://github.com/WCRP-CMIP/CMIP6Plus_CVs/blob/main/JSONLD/activity","source-id:activity_participation"
"https://github.com/WCRP-CMIP/CMIP6Plus_CVs/blob/main/JSONLD/source/id","https://github.com/WCRP-CMIP/CMIP6Plus_CVs/blob/main/JSONLD/activity","source-id:activity_participation"
"https://github.com/WCRP-CMIP/CMIP6Plus_CVs/blob/main/JSONLD/source/id","https://github.com/PCMDI/mip-cmor-tables/blob/main/JSONLD/institutions","source-id:institution_id"
"https://github.com/WCRP-CMIP/CMIP6Plus_CVs/blob/main/JSONLD/source/id","https://github.com/WCRP-CMIP/CMIP6Plus_CVs/blob/main/JSONLD/model/componets","http://www.w3.org/1999/02/22-rdf-syntax-ns#first"
"https://github.com/WCRP-CMIP/CMIP6Plus_CVs/blob/main/JSONLD/source/id","https://github.com/WCRP-CMIP/CMIP6Plus_CVs/blob/main/JSONLD/model/componets","http://www.w3.org/1999/02/22-rdf-syntax-ns#first"
"https://github.com/WCRP-CMIP/CMIP6Plus_CVs/blob/main/JSONLD/source/id","https://github.com/WCRP-CMIP/CMIP6Plus_CVs/blob/main/JSONLD/model/componets","http://www.w3.org/1999/02/22-rdf-syntax-ns#first"
"https://github.com/WCRP-CMIP/CMIP6Plus_CVs/blob/main/JSONLD/source/id","https://github.com/WCRP-CMIP/CMIP6Plus_CVs/blob/main/JSONLD/model/componets","http://www.w3.org/1999/02/22-rdf-syntax-ns#first"
"https://github.com/WCRP-CMIP/CMIP6Plus_CVs/blob/main/JSONLD/source/id","https://github.com/WCRP-CMIP/CMIP6Plus_CVs/blob/main/JSONLD/model/componets","http://www.w3.org/1999/02/22-rdf-syntax-ns#first"
"https://github.com/WCRP-CMIP/CMIP6Plus_CVs/blob/main/JSONLD/source/id","https://github.com/WCRP-CMIP/CMIP6Plus_CVs/blob/main/JSONLD/model/componets","http://www.w3.org/1999/02/22-rdf-syntax-ns#first"
"https://github.com/WCRP-CMIP/CMIP6Plus_CVs/blob/main/JSONLD/source/id","https://github.com/WCRP-CMIP/CMIP6Plus_CVs/blob/main/JSONLD/model/componets","http://www.w3.org/1999/02/22-rdf-syntax-ns#first"
"https://github.com/WCRP-CMIP/CMIP6Plus_CVs/blob/main/JSONLD/source/id","https://github.com/WCRP-CMIP/CMIP6Plus_CVs/blob/main/JSONLD/model/componets","http://www.w3.org/1999/02/22-rdf-syntax-ns#first"
"https://github.com/WCRP-CMIP/CMIP6Plus_CVs/blob/main/JSONLD/source/id","http://www.w3.org/1999/02","http://www.w3.org/1999/02/22-rdf-syntax-ns#rest"
"https://github.com/WCRP-CMIP/CMIP6Plus_CVs/blob/main/JSONLD/source/type","","http://www.w3.org/1999/02/22-rdf-syntax-ns#type"
"https://github.com/WCRP-CMIP/CMIP6Plus_CVs/blob/main/JSONLD/source/type","","http://www.w3.org/1999/02/22-rdf-syntax-ns#type"
"https://github.com/WCRP-CMIP/CMIP6Plus_CVs/blob/main/JSONLD/source/type","","http://www.w3.org/1999/02/22-rdf-syntax-ns#type"
"https://github.com/WCRP-CMIP/CMIP6Plus_CVs/blob/main/JSONLD/source/type","","http://www.w3.org/1999/02/22-rdf-syntax-ns#type"
"https://github.com/WCRP-CMIP/CMIP6Plus_CVs/blob/main/JSONLD/source/type","","http://www.w3.org/1999/02/22-rdf-syntax-ns#type"
"https://github.com/WCRP-CMIP/CMIP6Plus_CVs/blob/main/JSONLD/source/type","","http://www.w3.org/1999/02/22-rdf-syntax-ns#type"
"https://github.com/WCRP-CMIP/CMIP6Plus_CVs/blob/main/JSONLD/source/type","","http://www.w3.org/1999/02/22-rdf-syntax-ns#type"
"https://github.com/WCRP-CMIP/CMIP6Plus_CVs/blob/main/JSONLD/source/type","","http://www.w3.org/1999/02/22-rdf-syntax-ns#type"
"https://github.com/WCRP-CMIP/CMIP6Plus_CVs/blob/main/JSONLD/source/type","","http://www.w3.org/1999/02/22-rdf-syntax-ns#type"
"https://github.com/WCRP-CMIP/CMIP6Plus_CVs/blob/main/JSONLD/source/type","","http://www.w3.org/1999/02/22-rdf-syntax-ns#type"
